Genome,A,C,D,E,F,G,H,I,K,L,M,N,P,Q,R,S,T,V,W,Y
bacterial1,0.057667,0.011896,0.045341,0.062495,0.049565,0.051720,0.013447,0.075252,0.087923,0.101543,0.029480,0.058874,0.028187,0.036635,0.034307,0.077666,0.064822,0.059133,0.014051,0.039997
bacterial2,0.055427,0.019863,0.046566,0.049123,0.050074,0.054773,0.025989,0.071781,0.054832,0.091169,0.037169,0.048171,0.046922,0.036753,0.064764,0.078739,0.057746,0.062920,0.016533,0.030687
bacterial3,0.068391,0.013437,0.049502,0.046904,0.048108,0.057742,0.018825,0.071116,0.074729,0.099702,0.034100,0.050960,0.034607,0.039234,0.041199,0.074792,0.064207,0.063764,0.012677,0.036002
bacterial4,0.065498,0.009455,0.059096,0.058702,0.053186,0.064907,0.012509,0.079976,0.081946,0.098592,0.020782,0.059391,0.030730,0.028366,0.033882,0.072097,0.055353,0.068748,0.010243,0.036541
mamalian1,0.060226,0.032154,0.040604,0.038814,0.050630,0.049986,0.024921,0.055070,0.057648,0.112074,0.029576,0.051131,0.038026,0.038098,0.039530,0.075766,0.073546,0.079060,0.012461,0.040676
mamalian2,0.070489,0.027602,0.037248,0.046399,0.041996,0.061189,0.028393,0.047190,0.042145,0.097843,0.031856,0.036506,0.064602,0.040859,0.072566,0.084784,0.061783,0.062871,0.016126,0.027552
mamalian3,0.033255,0.026857,0.057588,0.041006,0.048306,0.037761,0.026496,0.103100,0.061193,0.096972,0.038753,0.070746,0.031363,0.017844,0.041006,0.080930,0.059391,0.060652,0.008381,0.058399
mamalian4,0.075139,0.029931,0.037153,0.040347,0.033333,0.069375,0.032083,0.040278,0.029167,0.085139,0.028750,0.028819,0.065556,0.034236,0.093194,0.089375,0.071736,0.072222,0.016944,0.027222
